{
  "schema": "EVOKI-FullSpectrum168-Contract",
  "spec": "FINAL7",
  "items": [
    {
      "metric_id": 1,
      "category": "Core",
      "spec_id_primary": "m1_A",
      "spec_id_secondary": "",
      "engine_key": "m1_A",
      "engine_type": "float",
      "range_default": "[0.0, 1.0]",
      "range_schema_a": "",
      "range_schema_b": "",
      "range_effective": "[0.0, 1.0]",
      "schema_effective": "default",
      "source": "tooling/scripts/migration/metrics_engine_v3.py:120-145",
      "version": "V11.1 Master-Registry",
      "name_match": true
    },
    {
      "metric_id": 2,
      "category": "Core",
      "spec_id_primary": "m2_PCI",
      "spec_id_secondary": "",
      "engine_key": "m2_PCI",
      "engine_type": "float",
      "range_default": "[0.0, 1.0]",
      "range_schema_a": "",
      "range_schema_b": "",
      "range_effective": "[0.0, 1.0]",
      "schema_effective": "default",
      "source": "backend/core/evoki_metrics_v3/.../core.py:45-80",
      "version": "V3.0 Modular",
      "name_match": true
    },
    {
      "metric_id": 3,
      "category": "Core",
      "spec_id_primary": "m3_gen_index",
      "spec_id_secondary": "",
      "engine_key": "m3_gen_index",
      "engine_type": "float",
      "range_default": "[0.0, 1.0]",
      "range_schema_a": "",
      "range_schema_b": "",
      "range_effective": "[0.0, 1.0]",
      "schema_effective": "default",
      "source": "tooling/scripts/migration/metrics_engine_v3.py:150-170",
      "version": "",
      "name_match": true
    },
    {
      "metric_id": 4,
      "category": "Core",
      "spec_id_primary": "m4_flow",
      "spec_id_secondary": "",
      "engine_key": "m4_flow",
      "engine_type": "float",
      "range_default": "[0.0, 1.0]",
      "range_schema_a": "",
      "range_schema_b": "",
      "range_effective": "[0.0, 1.0]",
      "schema_effective": "default",
      "source": "backend/core/.../core.py:90-120",
      "version": "",
      "name_match": true
    },
    {
      "metric_id": 5,
      "category": "Core",
      "spec_id_primary": "m5_coh",
      "spec_id_secondary": "",
      "engine_key": "m5_coh",
      "engine_type": "float",
      "range_default": "[0.0, 1.0]",
      "range_schema_a": "",
      "range_schema_b": "",
      "range_effective": "[0.0, 1.0]",
      "schema_effective": "default",
      "source": "backend/core/.../core.py:125-155",
      "version": "",
      "name_match": true
    },
    {
      "metric_id": 6,
      "category": "Core / Temporal Safety",
      "spec_id_primary": "m6_ZLF",
      "spec_id_secondary": "m5_zlf",
      "engine_key": "m6_ZLF",
      "engine_type": "float",
      "range_default": "[0.0, 1.0]",
      "range_schema_a": "",
      "range_schema_b": "",
      "range_effective": "[0.0, 1.0]",
      "schema_effective": "default",
      "source": "metrics_engine_v3.py:187",
      "version": "V3.0 Migration Engine",
      "name_match": true
    },
    {
      "metric_id": 7,
      "category": "Physics / Optics",
      "spec_id_primary": "m7_LL",
      "spec_id_secondary": "m6_ll",
      "engine_key": "m7_LL",
      "engine_type": "float",
      "range_default": "[0.0, 1.0]",
      "range_schema_a": "",
      "range_schema_b": "",
      "range_effective": "[0.0, 1.0]",
      "schema_effective": "default",
      "source": "metrics_engine_v3.py:188",
      "version": "V3.0 Migration Engine",
      "name_match": true
    },
    {
      "metric_id": 8,
      "category": "Core / Ångström Layer",
      "spec_id_primary": "m8_x_exist",
      "spec_id_secondary": "",
      "engine_key": "m8_x_exist",
      "engine_type": "float",
      "range_default": "[0.0, 1.0]",
      "range_schema_a": "",
      "range_schema_b": "",
      "range_effective": "[0.0, 1.0]",
      "schema_effective": "default",
      "source": "metrics_engine_v3.py:180-182",
      "version": "V3.0 Ångström Migration",
      "name_match": true
    },
    {
      "metric_id": 9,
      "category": "Core / Ångström Layer",
      "spec_id_primary": "m9_b_past",
      "spec_id_secondary": "",
      "engine_key": "m9_b_past",
      "engine_type": "float",
      "range_default": "[0.0, 1.0]",
      "range_schema_a": "",
      "range_schema_b": "",
      "range_effective": "[0.0, 1.0]",
      "schema_effective": "default",
      "source": "metrics_engine_v3.py:183-185",
      "version": "V3.0 Ångström Migration",
      "name_match": true
    },
    {
      "metric_id": 10,
      "category": "Core / Composite Metric",
      "spec_id_primary": "m10_angstrom",
      "spec_id_secondary": "",
      "engine_key": "m10_angstrom",
      "engine_type": "float",
      "range_default": "[0.0, 5.0+]",
      "range_schema_a": "",
      "range_schema_b": "",
      "range_effective": "[0.0, 5.0+]",
      "schema_effective": "default",
      "source": "metrics_engine_v3.py:194",
      "version": "V3.0 Ångström Synthesis",
      "name_match": true
    },
    {
      "metric_id": 11,
      "category": "Core / Temporal",
      "spec_id_primary": "m11_gap_s",
      "spec_id_secondary": "",
      "engine_key": "m11_gap_s",
      "engine_type": "float",
      "range_default": "[0, ∞] seconds",
      "range_schema_a": "",
      "range_schema_b": "",
      "range_effective": "[0, ∞] seconds",
      "schema_effective": "default",
      "source": "metrics_engine_v3.py:157-163",
      "version": "V3.0 Temporal Engine",
      "name_match": true
    },
    {
      "metric_id": 12,
      "category": "Core / Derived",
      "spec_id_primary": "m12_lex_hit",
      "spec_id_secondary": "",
      "engine_key": "m12_gap_norm",
      "engine_type": "float",
      "range_default": "[0.0, 1.0]",
      "range_schema_a": "",
      "range_schema_b": "",
      "range_effective": "[0.0, 1.0]",
      "schema_effective": "default",
      "source": "metrics_engine_v3.py:195",
      "version": "V3.0 Core",
      "name_match": false
    },
    {
      "metric_id": 13,
      "category": "Core / Derived Composite",
      "spec_id_primary": "m13_base_score",
      "spec_id_secondary": "",
      "engine_key": "m13_rep_same",
      "engine_type": "float",
      "range_default": "[0.0, 1.0]",
      "range_schema_a": "",
      "range_schema_b": "",
      "range_effective": "[0.0, 1.0]",
      "schema_effective": "default",
      "source": "metrics_engine_v3.py:196",
      "version": "V3.0 Core",
      "name_match": false
    },
    {
      "metric_id": 14,
      "category": "Core / Derived",
      "spec_id_primary": "m14_base_stability",
      "spec_id_secondary": "",
      "engine_key": "m14_rep_history",
      "engine_type": "float",
      "range_default": "[0.0, 1.0]",
      "range_schema_a": "",
      "range_schema_b": "",
      "range_effective": "[0.0, 1.0]",
      "schema_effective": "default",
      "source": "metrics_engine_v3.py:196",
      "version": "V3.0 Core",
      "name_match": false
    },
    {
      "metric_id": 15,
      "category": "Core / Consciousness",
      "spec_id_primary": "m15_affekt_a",
      "spec_id_secondary": "",
      "engine_key": "m15_affekt_a",
      "engine_type": "float",
      "range_default": "[0.0, 1.0]",
      "range_schema_a": "",
      "range_schema_b": "",
      "range_effective": "[0.0, 1.0]",
      "schema_effective": "default",
      "source": "a_phys_v11.py",
      "version": "V3.3.2 + V11 (A_Phys Integrated)",
      "name_match": true
    },
    {
      "metric_id": 16,
      "category": "Core / Complexity",
      "spec_id_primary": "m16_pci",
      "spec_id_secondary": "",
      "engine_key": "m16_external_stag",
      "engine_type": "float",
      "range_default": "[0.0, 1.0]",
      "range_schema_a": "",
      "range_schema_b": "",
      "range_effective": "[0.0, 1.0]",
      "schema_effective": "default",
      "source": "metrics_engine_v3.py:206",
      "version": "V3.0 Migration Engine",
      "name_match": false
    },
    {
      "metric_id": 17,
      "category": "Core / Temporal Derivative",
      "spec_id_primary": "m17_nabla_a",
      "spec_id_secondary": "",
      "engine_key": "m17_nabla_a",
      "engine_type": "float",
      "range_default": "[-1.0, 1.0]",
      "range_schema_a": "",
      "range_schema_b": "",
      "range_effective": "[-1.0, 1.0]",
      "schema_effective": "default",
      "source": "metrics_engine_v3.py:209",
      "version": "V3.0 Core",
      "name_match": true
    },
    {
      "metric_id": 18,
      "category": "Core / Information Theory",
      "spec_id_primary": "m18_s_entropy",
      "spec_id_secondary": "",
      "engine_key": "m18_s_entropy",
      "engine_type": "float",
      "range_default": "[0.0, ~6.0]",
      "range_schema_a": "",
      "range_schema_b": "",
      "range_effective": "[0.0, ~6.0]",
      "schema_effective": "default",
      "source": "metrics_engine_v3.py:211",
      "version": "V3.0 Core",
      "name_match": true
    },
    {
      "metric_id": 19,
      "category": "Critical Safety / Guardian",
      "spec_id_primary": "m19_z_prox",
      "spec_id_secondary": "",
      "engine_key": "m19_z_prox",
      "engine_type": "float",
      "range_default": "[0.0, 1.0]",
      "range_schema_a": "",
      "range_schema_b": "",
      "range_effective": "[0.0, 1.0]",
      "schema_effective": "default",
      "source": "metrics_engine_v3.py:212",
      "version": "V3.0 Guardian Protocol",
      "name_match": true
    },
    {
      "metric_id": 20,
      "category": "Core / Consciousness Proxy",
      "spec_id_primary": "m20_phi_proxy",
      "spec_id_secondary": "",
      "engine_key": "m20_phi_proxy",
      "engine_type": "float",
      "range_default": "[0.0, 1.0]",
      "range_schema_a": "",
      "range_schema_b": "",
      "range_effective": "[0.0, 1.0]",
      "schema_effective": "default",
      "source": "metrics_engine_v3.py:220",
      "version": "V3.0 IIT-Inspired",
      "name_match": true
    },
    {
      "metric_id": 21,
      "category": "Physics / Entropy",
      "spec_id_primary": "m21_chaos",
      "spec_id_secondary": "",
      "engine_key": "m21_chaos",
      "engine_type": "float",
      "range_default": "[0.0, 1.0]",
      "range_schema_a": "",
      "range_schema_b": "",
      "range_effective": "[0.0, 1.0]",
      "schema_effective": "default",
      "source": "metrics_engine_v3.py:220",
      "version": "V3.0 Physics Engine",
      "name_match": true
    },
    {
      "metric_id": 22,
      "category": "Physics / Cognitive",
      "spec_id_primary": "m22_cog_load",
      "spec_id_secondary": "",
      "engine_key": "m22_cog_load",
      "engine_type": "float",
      "range_default": "[0.0, 1.0]",
      "range_schema_a": "",
      "range_schema_b": "",
      "range_effective": "[0.0, 1.0]",
      "schema_effective": "default",
      "source": "metrics_engine_v3.py:221",
      "version": "V3.0 Core",
      "name_match": true
    },
    {
      "metric_id": 23,
      "category": "Physics / Derivative",
      "spec_id_primary": "m23_nabla_pci",
      "spec_id_secondary": "",
      "engine_key": "m23_nabla_pci",
      "engine_type": "float",
      "range_default": "[-1.0, 1.0]",
      "range_schema_a": "",
      "range_schema_b": "",
      "range_effective": "[-1.0, 1.0]",
      "schema_effective": "default",
      "source": "metrics_engine_v3.py:222",
      "version": "V3.0 Core",
      "name_match": true
    },
    {
      "metric_id": 24,
      "category": "Physics / Stability",
      "spec_id_primary": "m24_zeta",
      "spec_id_secondary": "",
      "engine_key": "m24_zeta",
      "engine_type": "float",
      "range_default": "[0.0, 1.0]",
      "range_schema_a": "",
      "range_schema_b": "",
      "range_effective": "[0.0, 1.0]",
      "schema_effective": "default",
      "source": "metrics_engine_v3.py:223",
      "version": "V3.0 Core",
      "name_match": true
    },
    {
      "metric_id": 25,
      "category": "Physics / Normalized",
      "spec_id_primary": "m25_psi",
      "spec_id_secondary": "",
      "engine_key": "m25_psi",
      "engine_type": "float",
      "range_default": "[0.0, ~1.0]",
      "range_schema_a": "",
      "range_schema_b": "",
      "range_effective": "[0.0, ~1.0]",
      "schema_effective": "default",
      "source": "metrics_engine_v3.py:223",
      "version": "V3.0 Core",
      "name_match": true
    },
    {
      "metric_id": 26,
      "category": "Physics / Energy",
      "spec_id_primary": "m26_e_i_proxy",
      "spec_id_secondary": "",
      "engine_key": "m26_e_i_proxy",
      "engine_type": "float",
      "range_default": "[0.0, 1.0]",
      "range_schema_a": "",
      "range_schema_b": "",
      "range_effective": "[0.0, 1.0]",
      "schema_effective": "default",
      "source": "metrics_engine_v3.py:224",
      "version": "V3.0 Thermodynamics",
      "name_match": true
    },
    {
      "metric_id": 27,
      "category": "Physics / Depth",
      "spec_id_primary": "m27_lambda_depth",
      "spec_id_secondary": "",
      "engine_key": "m27_lambda_depth",
      "engine_type": "float",
      "range_default": "[0.0, 1.0] ← PATCH V3.0.2b: Normalisiert!",
      "range_schema_a": "",
      "range_schema_b": "",
      "range_effective": "[0.0, 1.0] ← PATCH V3.0.2b: Normalisiert!",
      "schema_effective": "default",
      "source": "metrics_engine_v3.py:224",
      "version": "V3.0.2b PATCHED",
      "name_match": true
    },
    {
      "metric_id": 28,
      "category": "Debug / Telemetry (V11)",
      "spec_id_primary": "m28_phys_1",
      "spec_id_secondary": "",
      "engine_key": "m28_phys_1",
      "engine_type": "float",
      "range_default": "[-∞, +∞]",
      "range_schema_a": "",
      "range_schema_b": "",
      "range_effective": "[-∞, +∞]",
      "schema_effective": "default",
      "source": "a_phys_v11.py",
      "version": "V11 (A_Phys)",
      "name_match": true
    },
    {
      "metric_id": 29,
      "category": "Debug / Telemetry (V11)",
      "spec_id_primary": "m29_phys_2",
      "spec_id_secondary": "",
      "engine_key": "m29_phys_2",
      "engine_type": "float",
      "range_default": "[0.0, 1.0]",
      "range_schema_a": "",
      "range_schema_b": "",
      "range_effective": "[0.0, 1.0]",
      "schema_effective": "default",
      "source": "metrics_engine_v3.py",
      "version": "V3 Legacy (für Vergleich)",
      "name_match": true
    },
    {
      "metric_id": 30,
      "category": "Safety / Guardian",
      "spec_id_primary": "m30_phys_3",
      "spec_id_secondary": "",
      "engine_key": "m30_phys_3",
      "engine_type": "float",
      "range_default": "{0, 1}",
      "range_schema_a": "",
      "range_schema_b": "",
      "range_effective": "{0, 1}",
      "schema_effective": "default",
      "source": "a_phys_v11.py",
      "version": "V11",
      "name_match": true
    },
    {
      "metric_id": 31,
      "category": "Safety / Physics",
      "spec_id_primary": "m31_phys_4",
      "spec_id_secondary": "",
      "engine_key": "m31_phys_4",
      "engine_type": "float",
      "range_default": "[0, +∞]",
      "range_schema_a": "",
      "range_schema_b": "",
      "range_effective": "[0, +∞]",
      "schema_effective": "default",
      "source": "a_phys_v11.py",
      "version": "V11",
      "name_match": true
    },
    {
      "metric_id": 32,
      "category": "Core / Physics",
      "spec_id_primary": "m32_phys_5",
      "spec_id_secondary": "",
      "engine_key": "m32_phys_5",
      "engine_type": "float",
      "range_default": "[0, +∞]",
      "range_schema_a": "",
      "range_schema_b": "",
      "range_effective": "[0, +∞]",
      "schema_effective": "default",
      "source": "a_phys_v11.py",
      "version": "V11",
      "name_match": true
    },
    {
      "metric_id": 33,
      "category": "Physics / Composite",
      "spec_id_primary": "m33_phys_6",
      "spec_id_secondary": "",
      "engine_key": "m33_phys_6",
      "engine_type": "float",
      "range_default": "[0.0, 1.0]",
      "range_schema_a": "",
      "range_schema_b": "",
      "range_effective": "[0.0, 1.0]",
      "schema_effective": "default",
      "source": "metrics_engine_v3.py:227",
      "version": "V3.0 Physics Engine",
      "name_match": true
    },
    {
      "metric_id": 34,
      "category": "Physics / Derivative",
      "spec_id_primary": "m34_phys_7",
      "spec_id_secondary": "",
      "engine_key": "m34_phys_7",
      "engine_type": "float",
      "range_default": "[0.0, 1.0]",
      "range_schema_a": "",
      "range_schema_b": "",
      "range_effective": "[0.0, 1.0]",
      "schema_effective": "default",
      "source": "metrics_engine_v3.py:227",
      "version": "V3.0 Physics Engine",
      "name_match": true
    },
    {
      "metric_id": 35,
      "category": "Physics / Stability",
      "spec_id_primary": "m35_phys_8",
      "spec_id_secondary": "",
      "engine_key": "m35_phys_8",
      "engine_type": "float",
      "range_default": "[0.0, 1.0]",
      "range_schema_a": "",
      "range_schema_b": "",
      "range_effective": "[0.0, 1.0]",
      "schema_effective": "default",
      "source": "metrics_engine_v3.py:227",
      "version": "V3.0 Physics Engine",
      "name_match": true
    },
    {
      "metric_id": 36,
      "category": "Integrity / Safety",
      "spec_id_primary": "m36_rule_conflict",
      "spec_id_secondary": "",
      "engine_key": "m36_rule_conflict",
      "engine_type": "float",
      "range_default": "[0.0, 1.0]",
      "range_schema_a": "",
      "range_schema_b": "",
      "range_effective": "[0.0, 1.0]",
      "schema_effective": "default",
      "source": "metrics_engine_v3.py:235",
      "version": "V3.0 Integrity Engine",
      "name_match": true
    },
    {
      "metric_id": 37,
      "category": "Integrity / Inverse",
      "spec_id_primary": "m37_rule_stable",
      "spec_id_secondary": "",
      "engine_key": "m37_rule_stable",
      "engine_type": "float",
      "range_default": "[0.0, 1.0]",
      "range_schema_a": "",
      "range_schema_b": "",
      "range_effective": "[0.0, 1.0]",
      "schema_effective": "default",
      "source": "metrics_engine_v3.py:236",
      "version": "V3.0 Core",
      "name_match": true
    },
    {
      "metric_id": 38,
      "category": "Integrity / Core Identity",
      "spec_id_primary": "m38_soul_integrity",
      "spec_id_secondary": "",
      "engine_key": "m38_soul_integrity",
      "engine_type": "float",
      "range_default": "[0.0, 1.0]",
      "range_schema_a": "",
      "range_schema_b": "",
      "range_effective": "[0.0, 1.0]",
      "schema_effective": "default",
      "source": "metrics_engine_v3.py:239",
      "version": "V3.0 Soul Engine",
      "name_match": true
    },
    {
      "metric_id": 39,
      "category": "Integrity / Derived",
      "spec_id_primary": "m39_soul_check",
      "spec_id_secondary": "",
      "engine_key": "m39_soul_check",
      "engine_type": "bool",
      "range_default": "[0.0, 1.0]",
      "range_schema_a": "",
      "range_schema_b": "",
      "range_effective": "[0.0, 1.0]",
      "schema_effective": "default",
      "source": "metrics_engine_v3.py:253",
      "version": "V3.0 Core",
      "name_match": true
    },
    {
      "metric_id": 40,
      "category": "Hypermetrics / Dyadic",
      "spec_id_primary": "m40_h_conv",
      "spec_id_secondary": "",
      "engine_key": "m40_h_conv",
      "engine_type": "float",
      "range_default": "[0.0, 1.0]",
      "range_schema_a": "",
      "range_schema_b": "",
      "range_effective": "[0.0, 1.0]",
      "schema_effective": "default",
      "source": "metrics_engine_v3.py:240-244",
      "version": "V3.0 Dyad Engine",
      "name_match": true
    },
    {
      "metric_id": 41,
      "category": "Hypermetrics / Dyadic",
      "spec_id_primary": "m41_h_symbol",
      "spec_id_secondary": "",
      "engine_key": "m41_h_symbol",
      "engine_type": "float",
      "range_default": "{0.0, 1.0} (binär)",
      "range_schema_a": "",
      "range_schema_b": "",
      "range_effective": "{0.0, 1.0} (binär)",
      "schema_effective": "default",
      "source": "metrics_engine_v3.py:254",
      "version": "V3.0 Dyad Engine",
      "name_match": true
    },
    {
      "metric_id": 42,
      "category": "Hypermetrics / Dyadic",
      "spec_id_primary": "m42_nabla_dyad",
      "spec_id_secondary": "",
      "engine_key": "m42_nabla_dyad",
      "engine_type": "float",
      "range_default": "[-0.5, 0.5]",
      "range_schema_a": "",
      "range_schema_b": "",
      "range_effective": "[-0.5, 0.5]",
      "schema_effective": "default",
      "source": "metrics_engine_v3.py:254",
      "version": "V3.0 Dyad Engine",
      "name_match": true
    },
    {
      "metric_id": 43,
      "category": "Hypermetrics / Dyadic",
      "spec_id_primary": "m43_pacing",
      "spec_id_secondary": "",
      "engine_key": "m43_pacing",
      "engine_type": "float",
      "range_default": "[0.0, 1.0]  *(normalized for consistency)*",
      "range_schema_a": "",
      "range_schema_b": "",
      "range_effective": "[0.0, 1.0]  *(normalized for consistency)*",
      "schema_effective": "default",
      "source": "metrics_engine_v3.py:255",
      "version": "V3.0 Dyad Engine",
      "name_match": true
    },
    {
      "metric_id": 44,
      "category": "Hypermetrics / Dyadic",
      "spec_id_primary": "m44_mirroring",
      "spec_id_secondary": "",
      "engine_key": "m44_mirroring",
      "engine_type": "float",
      "range_default": "[0.0, 1.0]  *(normalized for consistency)*",
      "range_schema_a": "",
      "range_schema_b": "",
      "range_effective": "[0.0, 1.0]  *(normalized for consistency)*",
      "schema_effective": "default",
      "source": "metrics_engine_v3.py:255",
      "version": "V3.0 Dyad Engine",
      "name_match": true
    },
    {
      "metric_id": 45,
      "category": "Hypermetrics / Trust",
      "spec_id_primary": "m45_trust_score",
      "spec_id_secondary": "",
      "engine_key": "m45_trust_score",
      "engine_type": "float",
      "range_default": "[0.0, 1.0]",
      "range_schema_a": "",
      "range_schema_b": "",
      "range_effective": "[0.0, 1.0]",
      "schema_effective": "default",
      "source": "metrics_engine_v3.py:256",
      "version": "V3.0 Dyad Engine",
      "name_match": true
    },
    {
      "metric_id": 46,
      "category": "Hypermetrics / Composite",
      "spec_id_primary": "m46_rapport",
      "spec_id_secondary": "",
      "engine_key": "m46_rapport",
      "engine_type": "float",
      "range_default": "[0.0, 1.0]  *(wenn pacing/mirroring auch [0,1] sind)*",
      "range_schema_a": "",
      "range_schema_b": "",
      "range_effective": "[0.0, 1.0]  *(wenn pacing/mirroring auch [0,1] sind)*",
      "schema_effective": "default",
      "source": "metrics_engine_v3.py:256",
      "version": "V3.0 Hypermetrics Engine",
      "name_match": true
    },
    {
      "metric_id": 47,
      "category": "Hypermetrics / Stability",
      "spec_id_primary": "m47_focus_stability",
      "spec_id_secondary": "",
      "engine_key": "m47_focus_stability",
      "engine_type": "float",
      "range_default": "[0.0, 1.0]",
      "range_schema_a": "",
      "range_schema_b": "",
      "range_effective": "[0.0, 1.0]",
      "schema_effective": "default",
      "source": "metrics_engine_v3.py:257",
      "version": "V3.0 Hypermetrics Engine",
      "name_match": true
    },
    {
      "metric_id": 48,
      "category": "Hypermetrics / Composite",
      "spec_id_primary": "m48_hyp_1",
      "spec_id_secondary": "",
      "engine_key": "m48_hyp_1",
      "engine_type": "float",
      "range_default": "[0.0, 1.0]  *(alias of m46_rapport)*",
      "range_schema_a": "",
      "range_schema_b": "",
      "range_effective": "[0.0, 1.0]  *(alias of m46_rapport)*",
      "schema_effective": "default",
      "source": "metrics_engine_v3.py:257",
      "version": "V3.0 Hypermetrics Engine",
      "name_match": true
    },
    {
      "metric_id": 49,
      "category": "Hypermetrics / Derived",
      "spec_id_primary": "m49_hyp_2",
      "spec_id_secondary": "",
      "engine_key": "m49_hyp_2",
      "engine_type": "float",
      "range_default": "[0.0, 1.0]",
      "range_schema_a": "",
      "range_schema_b": "",
      "range_effective": "[0.0, 1.0]",
      "schema_effective": "default",
      "source": "metrics_engine_v3.py:258",
      "version": "V3.0 Hypermetrics Engine",
      "name_match": true
    },
    {
      "metric_id": 50,
      "category": "Hypermetrics / Safety",
      "spec_id_primary": "m50_hyp_3",
      "spec_id_secondary": "",
      "engine_key": "m50_hyp_3",
      "engine_type": "float",
      "range_default": "[0.0, 1.0]",
      "range_schema_a": "",
      "range_schema_b": "",
      "range_effective": "[0.0, 1.0]",
      "schema_effective": "default",
      "source": "metrics_engine_v3.py:258",
      "version": "V3.0 Hypermetrics Engine",
      "name_match": true
    },
    {
      "metric_id": 51,
      "category": "Hypermetrics / Composite",
      "spec_id_primary": "m51_hyp_4",
      "spec_id_secondary": "",
      "engine_key": "m51_hyp_4",
      "engine_type": "float",
      "range_default": "[0.0, 1.0]",
      "range_schema_a": "",
      "range_schema_b": "",
      "range_effective": "[0.0, 1.0]",
      "schema_effective": "default",
      "source": "metrics_engine_v3.py:259",
      "version": "V3.0 Hypermetrics Engine",
      "name_match": true
    },
    {
      "metric_id": 52,
      "category": "Hypermetrics / Physics",
      "spec_id_primary": "m52_hyp_5",
      "spec_id_secondary": "",
      "engine_key": "m52_hyp_5",
      "engine_type": "float",
      "range_default": "[0.0, 1.0]",
      "range_schema_a": "",
      "range_schema_b": "",
      "range_effective": "[0.0, 1.0]",
      "schema_effective": "default",
      "source": "metrics_engine_v3.py:259",
      "version": "V3.0 Hypermetrics Engine",
      "name_match": true
    },
    {
      "metric_id": 53,
      "category": "Hypermetrics / Temporal",
      "spec_id_primary": "m53_hyp_6",
      "spec_id_secondary": "",
      "engine_key": "m53_hyp_6",
      "engine_type": "float",
      "range_default": "[0.0, ∞]",
      "range_schema_a": "",
      "range_schema_b": "",
      "range_effective": "[0.0, ∞]",
      "schema_effective": "default",
      "source": "metrics_engine_v3.py:260",
      "version": "V3.0 Hypermetrics Engine",
      "name_match": true
    },
    {
      "metric_id": 54,
      "category": "Hypermetrics / Composite",
      "spec_id_primary": "m54_hyp_7",
      "spec_id_secondary": "",
      "engine_key": "m54_hyp_7",
      "engine_type": "float",
      "range_default": "[0.0, 1.0]",
      "range_schema_a": "",
      "range_schema_b": "",
      "range_effective": "[0.0, 1.0]",
      "schema_effective": "default",
      "source": "metrics_engine_v3.py:260",
      "version": "V3.0 Hypermetrics Engine",
      "name_match": true
    },
    {
      "metric_id": 55,
      "category": "Hypermetrics / Composite",
      "spec_id_primary": "m55_hyp_8",
      "spec_id_secondary": "",
      "engine_key": "m55_hyp_8",
      "engine_type": "float",
      "range_default": "[0.0, 1.0]",
      "range_schema_a": "",
      "range_schema_b": "",
      "range_effective": "[0.0, 1.0]",
      "schema_effective": "default",
      "source": "metrics_engine_v3.py:260",
      "version": "V3.0 Hypermetrics Engine",
      "name_match": true
    },
    {
      "metric_id": 56,
      "category": "FEP / Core",
      "spec_id_primary": "m56_surprise",
      "spec_id_secondary": "",
      "engine_key": "m56_surprise",
      "engine_type": "float",
      "range_default": "[0.0, 1.0]",
      "range_schema_a": "",
      "range_schema_b": "",
      "range_effective": "[0.0, 1.0]",
      "schema_effective": "default",
      "source": "metrics_engine_v3.py:271",
      "version": "V3.0 Andromatik Engine",
      "name_match": true
    },
    {
      "metric_id": 57,
      "category": "FEP / Token-Economy",
      "spec_id_primary": "m57_tokens_soc",
      "spec_id_secondary": "",
      "engine_key": "m57_tokens_soc",
      "engine_type": "float",
      "range_default": "[0, 100]",
      "range_schema_a": "",
      "range_schema_b": "",
      "range_effective": "[0, 100]",
      "schema_effective": "default",
      "source": "metrics_engine_v3.py:298",
      "version": "V3.0 Andromatik Engine",
      "name_match": true
    },
    {
      "metric_id": 58,
      "category": "FEP / Token-Economy",
      "spec_id_primary": "m58_tokens_log",
      "spec_id_secondary": "",
      "engine_key": "m58_tokens_log",
      "engine_type": "float",
      "range_default": "[0, 100] (Integer)",
      "range_schema_a": "",
      "range_schema_b": "",
      "range_effective": "[0, 100] (Integer)",
      "schema_effective": "default",
      "source": "metrics_engine_v3.py:298",
      "version": "V3.3.2 Andromatik Engine (Causal Cost)",
      "name_match": true
    },
    {
      "metric_id": 59,
      "category": "FEP / Motivation",
      "spec_id_primary": "m59_p_antrieb",
      "spec_id_secondary": "",
      "engine_key": "m59_p_antrieb",
      "engine_type": "float",
      "range_default": "[0.0, 1.0]",
      "range_schema_a": "",
      "range_schema_b": "",
      "range_effective": "[0.0, 1.0]",
      "schema_effective": "default",
      "source": "metrics_engine_v3.py:291",
      "version": "V3.0 Andromatik Engine",
      "name_match": true
    },
    {
      "metric_id": 60,
      "category": "FEP / Learning",
      "spec_id_primary": "m60_delta_tokens",
      "spec_id_secondary": "",
      "engine_key": "m60_delta_tokens",
      "engine_type": "float",
      "range_default": "[-∞, +∞]",
      "range_schema_a": "",
      "range_schema_b": "",
      "range_effective": "[-∞, +∞]",
      "schema_effective": "default",
      "source": "metrics_engine_v3.py:276",
      "version": "V3.0 Andromatik Engine",
      "name_match": true
    },
    {
      "metric_id": 61,
      "category": "FEP / Decision",
      "spec_id_primary": "m61_u_fep",
      "spec_id_secondary": "",
      "engine_key": "m61_U",
      "engine_type": "float",
      "range_default": "[0.0, 1.0]",
      "range_schema_a": "",
      "range_schema_b": "",
      "range_effective": "[0.0, 1.0]",
      "schema_effective": "default",
      "source": "metrics_engine_v3.py:285",
      "version": "V3.0 Andromatik Engine",
      "name_match": false
    },
    {
      "metric_id": 62,
      "category": "FEP / Decision",
      "spec_id_primary": "m62_r_fep",
      "spec_id_secondary": "",
      "engine_key": "m62_R",
      "engine_type": "float",
      "range_default": "[0.0, 1.0]",
      "range_schema_a": "",
      "range_schema_b": "",
      "range_effective": "[0.0, 1.0]",
      "schema_effective": "default",
      "source": "metrics_engine_v3.py:286",
      "version": "V3.0 Andromatik Engine",
      "name_match": false
    },
    {
      "metric_id": 63,
      "category": "FEP / Decision Core",
      "spec_id_primary": "m63_phi_score",
      "spec_id_secondary": "",
      "engine_key": "m63_phi",
      "engine_type": "float",
      "range_default": "[-1.0, 1.0]",
      "range_schema_a": "",
      "range_schema_b": "",
      "range_effective": "[-1.0, 1.0]",
      "schema_effective": "default",
      "source": "metrics_engine_v3.py:287",
      "version": "V3.0 Andromatik Engine",
      "name_match": false
    },
    {
      "metric_id": 64,
      "category": "FEP / Prediction",
      "spec_id_primary": "m64_pred_error",
      "spec_id_secondary": "",
      "engine_key": "m64_lambda_fep",
      "engine_type": "float",
      "range_default": "[0.0, 1.0]",
      "range_schema_a": "",
      "range_schema_b": "",
      "range_effective": "[0.0, 1.0]",
      "schema_effective": "default",
      "source": "metrics_engine_v3.py:300",
      "version": "V3.0 Andromatik Engine",
      "name_match": false
    },
    {
      "metric_id": 65,
      "category": "FEP / Drive",
      "spec_id_primary": "m65_drive_soc",
      "spec_id_secondary": "",
      "engine_key": "m65_alpha",
      "engine_type": "float",
      "range_default": "[0.0, 1.0]",
      "range_schema_a": "",
      "range_schema_b": "",
      "range_effective": "[0.0, 1.0]",
      "schema_effective": "default",
      "source": "metrics_engine_v3.py:301",
      "version": "V3.0 Andromatik Engine",
      "name_match": false
    },
    {
      "metric_id": 66,
      "category": "FEP / Drive",
      "spec_id_primary": "m66_drive_log",
      "spec_id_secondary": "",
      "engine_key": "m66_gamma",
      "engine_type": "float",
      "range_default": "[0.0, 1.0]",
      "range_schema_a": "",
      "range_schema_b": "",
      "range_effective": "[0.0, 1.0]",
      "schema_effective": "default",
      "source": "metrics_engine_v3.py:302",
      "version": "V3.0 Andromatik Engine",
      "name_match": false
    },
    {
      "metric_id": 67,
      "category": "FEP / Drive",
      "spec_id_primary": "m67_total_drive",
      "spec_id_secondary": "",
      "engine_key": "m67_precision",
      "engine_type": "float",
      "range_default": "[0.0, 1.0]",
      "range_schema_a": "",
      "range_schema_b": "",
      "range_effective": "[0.0, 1.0]",
      "schema_effective": "default",
      "source": "metrics_engine_v3.py:303",
      "version": "V3.0 Andromatik Engine",
      "name_match": false
    },
    {
      "metric_id": 68,
      "category": "FEP / Drive",
      "spec_id_primary": "m68_drive_balance",
      "spec_id_secondary": "",
      "engine_key": "m68_prediction_err",
      "engine_type": "float",
      "range_default": "[0.0, 1.0]",
      "range_schema_a": "",
      "range_schema_b": "",
      "range_effective": "[0.0, 1.0]",
      "schema_effective": "default",
      "source": "metrics_engine_v3.py:304",
      "version": "V3.0 Andromatik Engine",
      "name_match": false
    },
    {
      "metric_id": 69,
      "category": "FEP / Learning",
      "spec_id_primary": "m69_learning_rate",
      "spec_id_secondary": "",
      "engine_key": "m69_model_evidence",
      "engine_type": "float",
      "range_default": "[0.0, 5.0]",
      "range_schema_a": "",
      "range_schema_b": "",
      "range_effective": "[0.0, 5.0]",
      "schema_effective": "default",
      "source": "metrics_engine_v3.py:305",
      "version": "V3.0 Andromatik Engine",
      "name_match": false
    },
    {
      "metric_id": 70,
      "category": "FEP / Decay",
      "spec_id_primary": "m70_decay_factor",
      "spec_id_secondary": "",
      "engine_key": "m70_active_inf",
      "engine_type": "float",
      "range_default": "[0.05, 0.1]",
      "range_schema_a": "",
      "range_schema_b": "",
      "range_effective": "[0.05, 0.1]",
      "schema_effective": "default",
      "source": "metrics_engine_v3.py:306",
      "version": "V3.0 Andromatik Engine",
      "name_match": false
    },
    {
      "metric_id": 71,
      "category": "Evolution / Core",
      "spec_id_primary": "m71_ev_resonance",
      "spec_id_secondary": "",
      "engine_key": "m71_ev_arousal",
      "engine_type": "float",
      "range_default": "[0.0, 1.0]",
      "range_schema_a": "",
      "range_schema_b": "",
      "range_effective": "[0.0, 1.0]",
      "schema_effective": "default",
      "source": "metrics_engine_v3.py:345",
      "version": "V3.0 Evolution Engine",
      "name_match": false
    },
    {
      "metric_id": 72,
      "category": "Evolution / Dynamic",
      "spec_id_primary": "m72_ev_tension",
      "spec_id_secondary": "",
      "engine_key": "m72_ev_valence",
      "engine_type": "float",
      "range_default": "[0.0, 1.0]",
      "range_schema_a": "",
      "range_schema_b": "",
      "range_effective": "[0.0, 1.0]",
      "schema_effective": "default",
      "source": "metrics_engine_v3.py:346",
      "version": "V3.0 Evolution Engine",
      "name_match": false
    },
    {
      "metric_id": 73,
      "category": "Evolution / State",
      "spec_id_primary": "m73_ev_readiness",
      "spec_id_secondary": "",
      "engine_key": "m73_ev_readiness",
      "engine_type": "float",
      "range_default": "[0.0, 1.0]",
      "range_schema_a": "",
      "range_schema_b": "",
      "range_effective": "[0.0, 1.0]",
      "schema_effective": "default",
      "source": "metrics_engine_v3.py:347",
      "version": "V3.0 Evolution Engine",
      "name_match": true
    },
    {
      "metric_id": 74,
      "category": "Evolution / Sentiment",
      "spec_id_primary": "m74_ev_signal",
      "spec_id_secondary": "m74_sent_1",
      "engine_key": "m74_valence",
      "engine_type": "float",
      "range_default": "{0.0, 1.0} (binär) / [0.0, 1.0] (kontinuierlich)",
      "range_schema_a": "",
      "range_schema_b": "",
      "range_effective": "{0.0, 1.0} (binär) / [0.0, 1.0] (kontinuierlich)",
      "schema_effective": "default",
      "source": "metrics_engine_v3.py:348",
      "version": "V3.0",
      "name_match": false
    },
    {
      "metric_id": 75,
      "category": "Evolution / Sentiment",
      "spec_id_primary": "m75_vkon_mag",
      "spec_id_secondary": "m75_sent_2",
      "engine_key": "m75_arousal",
      "engine_type": "float",
      "range_default": "[0.0, 1.0]",
      "range_schema_a": "",
      "range_schema_b": "",
      "range_effective": "[0.0, 1.0]",
      "schema_effective": "default",
      "source": "metrics_engine_v3.py:349",
      "version": "V3.0",
      "name_match": false
    },
    {
      "metric_id": 76,
      "category": "Evolution / Sentiment",
      "spec_id_primary": "m76_ev_1",
      "spec_id_secondary": "m76_sent_3",
      "engine_key": "m76_dominance",
      "engine_type": "float",
      "range_default": "[0.0, 1.0]",
      "range_schema_a": "",
      "range_schema_b": "",
      "range_effective": "[0.0, 1.0]",
      "schema_effective": "default",
      "source": "metrics_engine_v3.py:350",
      "version": "V3.0",
      "name_match": false
    },
    {
      "metric_id": 77,
      "category": "Sentiment / Plutchik",
      "spec_id_primary": "m77_sent_4",
      "spec_id_secondary": "",
      "engine_key": "m77_joy",
      "engine_type": "float",
      "range_default": "[0.0, 1.0]",
      "range_schema_a": "",
      "range_schema_b": "",
      "range_effective": "[0.0, 1.0]",
      "schema_effective": "default",
      "source": "sentiment.py:68",
      "version": "V3.0 Sentiment Engine",
      "name_match": false
    },
    {
      "metric_id": 78,
      "category": "Sentiment / Plutchik",
      "spec_id_primary": "m78_sent_5",
      "spec_id_secondary": "",
      "engine_key": "m78_sadness",
      "engine_type": "float",
      "range_default": "[0.0, 1.0]",
      "range_schema_a": "",
      "range_schema_b": "",
      "range_effective": "[0.0, 1.0]",
      "schema_effective": "default",
      "source": "sentiment.py:72",
      "version": "V3.0 Sentiment Engine",
      "name_match": false
    },
    {
      "metric_id": 79,
      "category": "Sentiment / Plutchik",
      "spec_id_primary": "m79_sent_6",
      "spec_id_secondary": "",
      "engine_key": "m79_anger",
      "engine_type": "float",
      "range_default": "[0.0, 1.0]",
      "range_schema_a": "",
      "range_schema_b": "",
      "range_effective": "[0.0, 1.0]",
      "schema_effective": "default",
      "source": "sentiment.py:76",
      "version": "V3.0 Sentiment Engine",
      "name_match": false
    },
    {
      "metric_id": 80,
      "category": "Sentiment / Plutchik / Safety",
      "spec_id_primary": "m80_sent_7",
      "spec_id_secondary": "",
      "engine_key": "m80_fear",
      "engine_type": "float",
      "range_default": "[0.0, 1.0]",
      "range_schema_a": "",
      "range_schema_b": "",
      "range_effective": "[0.0, 1.0]",
      "schema_effective": "default",
      "source": "sentiment.py:80",
      "version": "V3.0 Sentiment Engine",
      "name_match": false
    },
    {
      "metric_id": 81,
      "category": "Sentiment / Plutchik",
      "spec_id_primary": "m81_sent_8",
      "spec_id_secondary": "",
      "engine_key": "m81_trust",
      "engine_type": "float",
      "range_default": "[0.0, 1.0]",
      "range_schema_a": "",
      "range_schema_b": "",
      "range_effective": "[0.0, 1.0]",
      "schema_effective": "default",
      "source": "sentiment.py:85",
      "version": "V3.0 Sentiment Engine",
      "name_match": false
    },
    {
      "metric_id": 82,
      "category": "Sentiment / Plutchik",
      "spec_id_primary": "m82_sent_9",
      "spec_id_secondary": "",
      "engine_key": "m82_disgust",
      "engine_type": "float",
      "range_default": "[0.0, 0.7]",
      "range_schema_a": "",
      "range_schema_b": "",
      "range_effective": "[0.0, 0.7]",
      "schema_effective": "default",
      "source": "sentiment.py:90",
      "version": "V3.0 Sentiment Engine",
      "name_match": false
    },
    {
      "metric_id": 83,
      "category": "Sentiment / Plutchik",
      "spec_id_primary": "m83_sent_10",
      "spec_id_secondary": "",
      "engine_key": "m83_anticipation",
      "engine_type": "float",
      "range_default": "[0.0, 0.8]",
      "range_schema_a": "",
      "range_schema_b": "",
      "range_effective": "[0.0, 0.8]",
      "schema_effective": "default",
      "source": "sentiment.py:93",
      "version": "V3.0 Sentiment Engine",
      "name_match": false
    },
    {
      "metric_id": 84,
      "category": "Sentiment / Plutchik",
      "spec_id_primary": "m84_sent_11",
      "spec_id_secondary": "",
      "engine_key": "m84_surprise",
      "engine_type": "float",
      "range_default": "[0.0, 1.0]",
      "range_schema_a": "",
      "range_schema_b": "",
      "range_effective": "[0.0, 1.0]",
      "schema_effective": "default",
      "source": "sentiment.py:96",
      "version": "V3.0 Sentiment Engine",
      "name_match": false
    },
    {
      "metric_id": 85,
      "category": "Sentiment / Complex",
      "spec_id_primary": "m85_sent_12",
      "spec_id_secondary": "",
      "engine_key": "m85_hope",
      "engine_type": "float",
      "range_default": "[0.0, 1.0]",
      "range_schema_a": "",
      "range_schema_b": "",
      "range_effective": "[0.0, 1.0]",
      "schema_effective": "default",
      "source": "sentiment.py:102",
      "version": "V3.0 Sentiment Engine",
      "name_match": false
    },
    {
      "metric_id": 86,
      "category": "Sentiment / Complex",
      "spec_id_primary": "m86_sent_13",
      "spec_id_secondary": "",
      "engine_key": "m86_despair",
      "engine_type": "float",
      "range_default": "[0.0, 1.0]",
      "range_schema_a": "",
      "range_schema_b": "",
      "range_effective": "[0.0, 1.0]",
      "schema_effective": "default",
      "source": "sentiment.py:105",
      "version": "V3.0 Sentiment Engine",
      "name_match": false
    },
    {
      "metric_id": 87,
      "category": "Sentiment / Complex",
      "spec_id_primary": "m87_sent_14",
      "spec_id_secondary": "",
      "engine_key": "m87_confusion",
      "engine_type": "float",
      "range_default": "[0.0, 1.0]",
      "range_schema_a": "",
      "range_schema_b": "",
      "range_effective": "[0.0, 1.0]",
      "schema_effective": "default",
      "source": "sentiment.py:108",
      "version": "V3.0 Sentiment Engine",
      "name_match": false
    },
    {
      "metric_id": 88,
      "category": "Sentiment / Complex",
      "spec_id_primary": "m88_sent_15",
      "spec_id_secondary": "",
      "engine_key": "m88_clarity",
      "engine_type": "float",
      "range_default": "[0.0, 1.0]",
      "range_schema_a": "",
      "range_schema_b": "",
      "range_effective": "[0.0, 1.0]",
      "schema_effective": "default",
      "source": "sentiment.py:111",
      "version": "V3.0 Sentiment Engine",
      "name_match": false
    },
    {
      "metric_id": 89,
      "category": "Sentiment / Complex",
      "spec_id_primary": "m89_sent_16",
      "spec_id_secondary": "",
      "engine_key": "m89_acceptance",
      "engine_type": "float",
      "range_default": "[0.0, 1.0]",
      "range_schema_a": "",
      "range_schema_b": "",
      "range_effective": "[0.0, 1.0]",
      "schema_effective": "default",
      "source": "sentiment.py:114",
      "version": "V3.0 Sentiment Engine",
      "name_match": false
    },
    {
      "metric_id": 90,
      "category": "Sentiment / Complex",
      "spec_id_primary": "m90_sent_17",
      "spec_id_secondary": "",
      "engine_key": "m90_resistance",
      "engine_type": "float",
      "range_default": "[0.0, 1.0]",
      "range_schema_a": "",
      "range_schema_b": "",
      "range_effective": "[0.0, 1.0]",
      "schema_effective": "default",
      "source": "sentiment.py:117",
      "version": "V3.0 Sentiment Engine",
      "name_match": false
    },
    {
      "metric_id": 91,
      "category": "Sentiment / Complex",
      "spec_id_primary": "m91_sent_18",
      "spec_id_secondary": "",
      "engine_key": "m91_emotional_coherence",
      "engine_type": "float",
      "range_default": "[0.0, 1.0]",
      "range_schema_a": "",
      "range_schema_b": "",
      "range_effective": "[0.0, 1.0]",
      "schema_effective": "default",
      "source": "sentiment.py:120",
      "version": "V3.0 Sentiment Engine",
      "name_match": false
    },
    {
      "metric_id": 92,
      "category": "Sentiment / Complex",
      "spec_id_primary": "m92_sent_19",
      "spec_id_secondary": "",
      "engine_key": "m92_emotional_stability",
      "engine_type": "float",
      "range_default": "[0.0, 1.0]",
      "range_schema_a": "",
      "range_schema_b": "",
      "range_effective": "[0.0, 1.0]",
      "schema_effective": "default",
      "source": "sentiment.py:123",
      "version": "V3.0 Sentiment Engine",
      "name_match": false
    },
    {
      "metric_id": 93,
      "category": "Sentiment / Meta",
      "spec_id_primary": "m93_sent_20",
      "spec_id_secondary": "",
      "engine_key": "m93_emotional_range",
      "engine_type": "float",
      "range_default": "[0.0, ~0.87]",
      "range_schema_a": "",
      "range_schema_b": "",
      "range_effective": "[0.0, ~0.87]",
      "schema_effective": "default",
      "source": "sentiment.py:128",
      "version": "V3.0 Sentiment Engine",
      "name_match": false
    },
    {
      "metric_id": 94,
      "category": "Sentiment / Meta",
      "spec_id_primary": "m94_sent_21",
      "spec_id_secondary": "",
      "engine_key": "m94_comfort",
      "engine_type": "float",
      "range_default": "[0.0, 1.0]",
      "range_schema_a": "",
      "range_schema_b": "",
      "range_effective": "[0.0, 1.0]",
      "schema_effective": "default",
      "source": "sentiment.py:131",
      "version": "V3.0 Sentiment Engine",
      "name_match": false
    },
    {
      "metric_id": 95,
      "category": "Sentiment / Meta",
      "spec_id_primary": "m95_sent_22",
      "spec_id_secondary": "",
      "engine_key": "m95_tension",
      "engine_type": "float",
      "range_default": "[0.0, 1.0]",
      "range_schema_a": "",
      "range_schema_b": "",
      "range_effective": "[0.0, 1.0]",
      "schema_effective": "default",
      "source": "sentiment.py:134",
      "version": "V3.0 Sentiment Engine",
      "name_match": false
    },
    {
      "metric_id": 96,
      "category": "Text / Granularity / Sentiment",
      "spec_id_primary": "m96_grain_word",
      "spec_id_secondary": "m96_sent_23",
      "engine_key": "m96_grain_word",
      "engine_type": "str",
      "range_default": "[0.0, 1.0]",
      "range_schema_a": "",
      "range_schema_b": "",
      "range_effective": "",
      "schema_effective": "",
      "source": "",
      "version": "V3.0 Grain Engine / Sentiment Engine",
      "name_match": true
    },
    {
      "metric_id": 97,
      "category": "Text / Granularity / Sentiment",
      "spec_id_primary": "m97_grain_impact",
      "spec_id_secondary": "m97_sent_24",
      "engine_key": "m97_grain_cat",
      "engine_type": "str",
      "range_default": "[0.0, 1.0]",
      "range_schema_a": "",
      "range_schema_b": "",
      "range_effective": "",
      "schema_effective": "",
      "source": "",
      "version": "V3.0 Grain Engine / Sentiment Engine",
      "name_match": false
    },
    {
      "metric_id": 98,
      "category": "Text / Granularity / Sentiment",
      "spec_id_primary": "m98_grain_sentiment",
      "spec_id_secondary": "m98_sent_25",
      "engine_key": "m98_grain_score",
      "engine_type": "float",
      "range_default": "[0.0, 1.0]",
      "range_schema_a": "",
      "range_schema_b": "",
      "range_effective": "[0.0, 1.0]",
      "schema_effective": "default",
      "source": "",
      "version": "V3.0 Grain Engine / Sentiment Engine",
      "name_match": false
    },
    {
      "metric_id": 99,
      "category": "Text / Granularity / Sentiment",
      "spec_id_primary": "m99_grain_novelty",
      "spec_id_secondary": "m99_sent_26",
      "engine_key": "m99_grain_impact",
      "engine_type": "float",
      "range_default": "[0.0, 1.0]",
      "range_schema_a": "",
      "range_schema_b": "",
      "range_effective": "[0.0, 1.0]",
      "schema_effective": "default",
      "source": "",
      "version": "V3.0 Grain Engine / Sentiment Engine",
      "name_match": false
    },
    {
      "metric_id": 100,
      "category": "Sentiment / Closure",
      "spec_id_primary": "m100_sent_27",
      "spec_id_secondary": "",
      "engine_key": "m100_causal_1",
      "engine_type": "float",
      "range_default": "[0.0, 1.0]",
      "range_schema_a": "",
      "range_schema_b": "",
      "range_effective": "[0.0, 1.0]",
      "schema_effective": "default",
      "source": "sentiment.py:150",
      "version": "V3.0 Sentiment Engine",
      "name_match": false
    },
    {
      "metric_id": 101,
      "category": "Trauma / Safety-Critical",
      "spec_id_primary": "m101_t_panic",
      "spec_id_secondary": "",
      "engine_key": "m101_t_panic",
      "engine_type": "float",
      "range_default": "[0.0, 1.0]",
      "range_schema_a": "",
      "range_schema_b": "",
      "range_effective": "[0.0, 1.0]",
      "schema_effective": "default",
      "source": "metrics_engine_v3.py:368",
      "version": "V3.0 Trauma Engine",
      "name_match": true
    },
    {
      "metric_id": 102,
      "category": "Trauma / Safety-Critical",
      "spec_id_primary": "m102_t_disso",
      "spec_id_secondary": "",
      "engine_key": "m102_t_disso",
      "engine_type": "float",
      "range_default": "[0.0, 1.0]",
      "range_schema_a": "",
      "range_schema_b": "",
      "range_effective": "[0.0, 1.0]",
      "schema_effective": "default",
      "source": "metrics_engine_v3.py:369",
      "version": "V3.0 Trauma Engine",
      "name_match": true
    },
    {
      "metric_id": 103,
      "category": "Trauma / Positive",
      "spec_id_primary": "m103_t_integ",
      "spec_id_secondary": "",
      "engine_key": "m103_t_integ",
      "engine_type": "float",
      "range_default": "[0.0, 1.0]",
      "range_schema_a": "",
      "range_schema_b": "",
      "range_effective": "[0.0, 1.0]",
      "schema_effective": "default",
      "source": "metrics_engine_v3.py:370",
      "version": "V3.0 Trauma Engine",
      "name_match": true
    },
    {
      "metric_id": 104,
      "category": "Trauma / Binary",
      "spec_id_primary": "m104_t_shock",
      "spec_id_secondary": "",
      "engine_key": "m104_t_shock",
      "engine_type": "float",
      "range_default": "{0.0, 1.0} (binär)",
      "range_schema_a": "",
      "range_schema_b": "",
      "range_effective": "{0.0, 1.0} (binär)",
      "schema_effective": "default",
      "source": "metrics_engine_v3.py:371",
      "version": "V3.0 Trauma Engine",
      "name_match": true
    },
    {
      "metric_id": 105,
      "category": "Trauma / Composite",
      "spec_id_primary": "m105_t_fog",
      "spec_id_secondary": "",
      "engine_key": "m105_t_guilt",
      "engine_type": "float",
      "range_default": "[0.0, 1.0]",
      "range_schema_a": "",
      "range_schema_b": "",
      "range_effective": "[0.0, 1.0]",
      "schema_effective": "default",
      "source": "metrics_engine_v3.py:372",
      "version": "V3.0 Trauma Engine",
      "name_match": false
    },
    {
      "metric_id": 106,
      "category": "Turbidity / Trauma",
      "spec_id_primary": "m106_i_eff",
      "spec_id_secondary": "m106_t_grief",
      "engine_key": "m106_t_shame",
      "engine_type": "float",
      "range_default": "[0.0, 1.0]",
      "range_schema_a": "",
      "range_schema_b": "",
      "range_effective": "[0.0, 1.0]",
      "schema_effective": "default",
      "source": "metrics_engine_v3.py:373",
      "version": "V3.0 Trauma Engine",
      "name_match": false
    },
    {
      "metric_id": 107,
      "category": "Turbidity / Trauma",
      "spec_id_primary": "m107_turb_c",
      "spec_id_secondary": "m107_t_anger",
      "engine_key": "m107_t_grief",
      "engine_type": "float",
      "range_default": "[0.0, 1.0]",
      "range_schema_a": "",
      "range_schema_b": "",
      "range_effective": "[0.0, 1.0]",
      "schema_effective": "default",
      "source": "metrics_engine_v3.py:374",
      "version": "V3.0 Trauma Engine",
      "name_match": false
    },
    {
      "metric_id": 108,
      "category": "Turbidity / Trauma",
      "spec_id_primary": "m108_turb_l",
      "spec_id_secondary": "m108_t_guilt",
      "engine_key": "m108_t_anger",
      "engine_type": "float",
      "range_default": "[0.0, 1.0]",
      "range_schema_a": "",
      "range_schema_b": "",
      "range_effective": "[0.0, 1.0]",
      "schema_effective": "default",
      "source": "metrics_engine_v3.py:375",
      "version": "V3.0 Trauma Engine",
      "name_match": false
    },
    {
      "metric_id": 109,
      "category": "Turbidity / Trauma",
      "spec_id_primary": "m109_turb_1",
      "spec_id_secondary": "m109_t_shame",
      "engine_key": "m109_t_fear",
      "engine_type": "float",
      "range_default": "[0.0, 1.0]",
      "range_schema_a": "",
      "range_schema_b": "",
      "range_effective": "[0.0, 1.0]",
      "schema_effective": "default",
      "source": "metrics_engine_v3.py:376",
      "version": "V3.0 Trauma Engine",
      "name_match": false
    },
    {
      "metric_id": 110,
      "category": "Turbidity / Safety-Critical",
      "spec_id_primary": "m110_black_hole",
      "spec_id_secondary": "m110_turb_2",
      "engine_key": "m110_black_hole",
      "engine_type": "float",
      "range_default": "[0.0, 1.0]",
      "range_schema_a": "",
      "range_schema_b": "",
      "range_effective": "[0.0, 1.0]",
      "schema_effective": "default",
      "source": "metrics_engine_v3.py:377",
      "version": "V3.3.3 Trauma Engine (Context-Aware Veto)",
      "name_match": true
    },
    {
      "metric_id": 111,
      "category": "Physics / Turbidity",
      "spec_id_primary": "m111_g_phase",
      "spec_id_secondary": "m111_turb_1",
      "engine_key": "m111_turbidity_total",
      "engine_type": "float",
      "range_default": "[-π, π] / [0.0, 1.0]",
      "range_schema_a": "",
      "range_schema_b": "",
      "range_effective": "[-π, π] / [0.0, 1.0]",
      "schema_effective": "default",
      "source": "metrics_engine_v3.py:378",
      "version": "V3.0 Physics Engine",
      "name_match": false
    },
    {
      "metric_id": 112,
      "category": "Physics / Turbidity",
      "spec_id_primary": "m112_g_phase_norm",
      "spec_id_secondary": "m112_turb_2",
      "engine_key": "m112_trauma_load",
      "engine_type": "float",
      "range_default": "[0.0, 1.0]",
      "range_schema_a": "",
      "range_schema_b": "",
      "range_effective": "[0.0, 1.0]",
      "schema_effective": "default",
      "source": "metrics_engine_v3.py:379",
      "version": "V3.0 Physics Engine",
      "name_match": false
    },
    {
      "metric_id": 113,
      "category": "Integrity / Soul-Signature",
      "spec_id_primary": "m113_hash_state",
      "spec_id_secondary": "m113_turb_3",
      "engine_key": "m113_t_resilience",
      "engine_type": "float",
      "range_default": "",
      "range_schema_a": "hex[64] (SHA-256)",
      "range_schema_b": "[0.0, 1.0]",
      "range_effective": "[0.0, 1.0]",
      "schema_effective": "schema_b",
      "source": "enforcement_gates_v3.py",
      "version": "PATCH-04 (SHA-256)",
      "name_match": false
    },
    {
      "metric_id": 114,
      "category": "Similarity / Turbidity",
      "spec_id_primary": "m114_cos_sim",
      "spec_id_secondary": "m114_turb_4",
      "engine_key": "m114_t_recovery",
      "engine_type": "float",
      "range_default": "[-1.0, 1.0] / [0.0, 1.0]",
      "range_schema_a": "",
      "range_schema_b": "",
      "range_effective": "[-1.0, 1.0] / [0.0, 1.0]",
      "schema_effective": "default",
      "source": "metrics_engine_v3.py:381",
      "version": "V3.0 Similarity Engine",
      "name_match": false
    },
    {
      "metric_id": 115,
      "category": "Spatial / Turbidity",
      "spec_id_primary": "m115_spatial_1",
      "spec_id_secondary": "m115_turb_5",
      "engine_key": "m115_t_threshold",
      "engine_type": "float",
      "range_default": "[0.0, 1.0]",
      "range_schema_a": "",
      "range_schema_b": "",
      "range_effective": "[0.0, 1.0]",
      "schema_effective": "default",
      "source": "metrics_engine_v3.py:382",
      "version": "V3.0 Spatial Engine",
      "name_match": false
    },
    {
      "metric_id": 116,
      "category": "Text Analytics / Meta-Cognition",
      "spec_id_primary": "m116_lix",
      "spec_id_secondary": "m116_meta_1",
      "engine_key": "m116_lix",
      "engine_type": "float",
      "range_default": "[0.0, 100+] / [0.0, 1.0]",
      "range_schema_a": "",
      "range_schema_b": "",
      "range_effective": "[0.0, 100+] / [0.0, 1.0]",
      "schema_effective": "default",
      "source": "metrics_engine_v3.py:400",
      "version": "V3.0 Text / Meta Engine",
      "name_match": true
    },
    {
      "metric_id": 117,
      "category": "Text Analytics / Meta-Cognition",
      "spec_id_primary": "m117_question_density",
      "spec_id_secondary": "m117_meta_2",
      "engine_key": "m117_question_density",
      "engine_type": "float",
      "range_default": "[0.0, 1.0]",
      "range_schema_a": "",
      "range_schema_b": "",
      "range_effective": "[0.0, 1.0]",
      "schema_effective": "default",
      "source": "metrics_engine_v3.py:401",
      "version": "V3.0 Text / Meta Engine",
      "name_match": true
    },
    {
      "metric_id": 118,
      "category": "Text Analytics / Meta-Cognition",
      "spec_id_primary": "m118_capital_stress",
      "spec_id_secondary": "m118_meta_3",
      "engine_key": "m118_exclamation_density",
      "engine_type": "float",
      "range_default": "[0.0, 1.0]",
      "range_schema_a": "",
      "range_schema_b": "",
      "range_effective": "[0.0, 1.0]",
      "schema_effective": "default",
      "source": "metrics_engine_v3.py:402",
      "version": "V3.0 Text / Meta Engine",
      "name_match": false
    },
    {
      "metric_id": 119,
      "category": "Text Analytics / Meta-Cognition",
      "spec_id_primary": "m119_turn_len_ai",
      "spec_id_secondary": "m119_meta_4",
      "engine_key": "m119_complexity_variance",
      "engine_type": "float",
      "range_default": "[0, ∞] / [0.0, 1.0]",
      "range_schema_a": "",
      "range_schema_b": "",
      "range_effective": "[0, ∞] / [0.0, 1.0]",
      "schema_effective": "default",
      "source": "metrics_engine_v3.py:403",
      "version": "V3.0 Text / Meta Engine",
      "name_match": false
    },
    {
      "metric_id": 120,
      "category": "Text Analytics / Meta-Cognition",
      "spec_id_primary": "m120_emoji_sentiment",
      "spec_id_secondary": "m120_meta_5",
      "engine_key": "m120_topic_drift",
      "engine_type": "float",
      "range_default": "[-1.0, 1.0] / [0.0, 1.0]",
      "range_schema_a": "",
      "range_schema_b": "",
      "range_effective": "[-1.0, 1.0] / [0.0, 1.0]",
      "schema_effective": "default",
      "source": "metrics_engine_v3.py:404",
      "version": "V3.0 Text / Meta Engine",
      "name_match": false
    },
    {
      "metric_id": 121,
      "category": "Text Analytics / Meta-Cognition",
      "spec_id_primary": "m121_talk_ratio",
      "spec_id_secondary": "m121_meta_6",
      "engine_key": "m121_self_reference_count",
      "engine_type": "int",
      "range_default": "[0.0, ∞] / [0.0, 1.0]",
      "range_schema_a": "",
      "range_schema_b": "",
      "range_effective": "[0.0, ∞] / [0.0, 1.0]",
      "schema_effective": "default",
      "source": "metrics_engine_v3.py:405",
      "version": "V3.0 Text / Meta Engine",
      "name_match": false
    },
    {
      "metric_id": 122,
      "category": "Dynamics / Meta-Cognition",
      "spec_id_primary": "m122_dyn_1",
      "spec_id_secondary": "m122_meta_7",
      "engine_key": "m122_dyn_1",
      "engine_type": "float",
      "range_default": "[0.0, 1.0]",
      "range_schema_a": "",
      "range_schema_b": "",
      "range_effective": "[0.0, 1.0]",
      "schema_effective": "default",
      "source": "metrics_engine_v3.py:410",
      "version": "V3.0 Dynamics / Meta Engine",
      "name_match": true
    },
    {
      "metric_id": 123,
      "category": "Dynamics / Meta-Cognition",
      "spec_id_primary": "m123_dyn_2",
      "spec_id_secondary": "m123_meta_8",
      "engine_key": "m123_dyn_2",
      "engine_type": "float",
      "range_default": "[0.0, 1.0]",
      "range_schema_a": "",
      "range_schema_b": "",
      "range_effective": "[0.0, 1.0]",
      "schema_effective": "default",
      "source": "metrics_engine_v3.py:411",
      "version": "V3.0 Dynamics / Meta Engine",
      "name_match": true
    },
    {
      "metric_id": 124,
      "category": "Dynamics / Meta-Cognition",
      "spec_id_primary": "m124_dyn_3",
      "spec_id_secondary": "m124_meta_9",
      "engine_key": "m124_dyn_3",
      "engine_type": "float",
      "range_default": "[0.0, 1.0]",
      "range_schema_a": "",
      "range_schema_b": "",
      "range_effective": "[0.0, 1.0]",
      "schema_effective": "default",
      "source": "metrics_engine_v3.py:412",
      "version": "V3.0 Dynamics / Meta Engine",
      "name_match": true
    },
    {
      "metric_id": 125,
      "category": "Dynamics / Meta-Cognition",
      "spec_id_primary": "m125_dyn_4",
      "spec_id_secondary": "m125_meta_10",
      "engine_key": "m125_dyn_4",
      "engine_type": "float",
      "range_default": "[0.0, 1.0]",
      "range_schema_a": "",
      "range_schema_b": "",
      "range_effective": "[0.0, 1.0]",
      "schema_effective": "default",
      "source": "metrics_engine_v3.py:413",
      "version": "V3.0 Dynamics / Meta Engine",
      "name_match": true
    },
    {
      "metric_id": 126,
      "category": "Dynamics / Meta-Cognition",
      "spec_id_primary": "m126_dyn_5",
      "spec_id_secondary": "m126_meta_11",
      "engine_key": "m126_dyn_5",
      "engine_type": "float",
      "range_default": "[0.0, 1.0]",
      "range_schema_a": "",
      "range_schema_b": "",
      "range_effective": "[0.0, 1.0]",
      "schema_effective": "default",
      "source": "metrics_engine_v3.py:414",
      "version": "V3.0 Dynamics / Meta Engine",
      "name_match": true
    },
    {
      "metric_id": 127,
      "category": "Dynamics / Meta-Cognition",
      "spec_id_primary": "m127_dyn_6",
      "spec_id_secondary": "m127_meta_12",
      "engine_key": "m127_avg_response_len",
      "engine_type": "float",
      "range_default": "[-π, π] / [0.0, 1.0]",
      "range_schema_a": "",
      "range_schema_b": "",
      "range_effective": "[-π, π] / [0.0, 1.0]",
      "schema_effective": "default",
      "source": "metrics_engine_v3.py:415",
      "version": "V3.0 Dynamics / Meta Engine",
      "name_match": false
    },
    {
      "metric_id": 128,
      "category": "Dynamics / Meta-Cognition",
      "spec_id_primary": "m128_dyn_7",
      "spec_id_secondary": "m128_meta_13",
      "engine_key": "m128_token_ratio",
      "engine_type": "float",
      "range_default": "[0.0, 1.0]",
      "range_schema_a": "",
      "range_schema_b": "",
      "range_effective": "[0.0, 1.0]",
      "schema_effective": "default",
      "source": "metrics_engine_v3.py:416",
      "version": "V3.0 Dynamics / Meta Engine",
      "name_match": false
    },
    {
      "metric_id": 129,
      "category": "Dynamics / Meta-Cognition",
      "spec_id_primary": "m129_dyn_8",
      "spec_id_secondary": "m129_meta_14",
      "engine_key": "m129_engagement_score",
      "engine_type": "float",
      "range_default": "[0.0, ∞] / [0.0, 1.0]",
      "range_schema_a": "",
      "range_schema_b": "",
      "range_effective": "[0.0, ∞] / [0.0, 1.0]",
      "schema_effective": "default",
      "source": "metrics_engine_v3.py:417",
      "version": "V3.0 Dynamics / Meta Engine",
      "name_match": false
    },
    {
      "metric_id": 130,
      "category": "Dynamics / Meta-Cognition",
      "spec_id_primary": "m130_dyn_9",
      "spec_id_secondary": "m130_meta_15",
      "engine_key": "m130_session_depth",
      "engine_type": "float",
      "range_default": "[0.0, 1.0]",
      "range_schema_a": "",
      "range_schema_b": "",
      "range_effective": "[0.0, 1.0]",
      "schema_effective": "default",
      "source": "metrics_engine_v3.py:418",
      "version": "V3.0 Dynamics / Meta Engine",
      "name_match": false
    },
    {
      "metric_id": 131,
      "category": "Chronos / Session",
      "spec_id_primary": "m131_session_dur",
      "spec_id_secondary": "",
      "engine_key": "m131_meta_awareness",
      "engine_type": "float",
      "range_default": "[0.0, ∞] (Minuten)",
      "range_schema_a": "",
      "range_schema_b": "",
      "range_effective": "[0.0, ∞] (Minuten)",
      "schema_effective": "default",
      "source": "metrics_engine_v3.py:420",
      "version": "V3.0 Chronos Engine",
      "name_match": false
    },
    {
      "metric_id": 132,
      "category": "Chronos / Rhythm",
      "spec_id_primary": "m132_inter_freq",
      "spec_id_secondary": "",
      "engine_key": "m132_meta_regulation",
      "engine_type": "float",
      "range_default": "[0.0, ∞] (Hz)",
      "range_schema_a": "",
      "range_schema_b": "",
      "range_effective": "[0.0, ∞] (Hz)",
      "schema_effective": "default",
      "source": "metrics_engine_v3.py:421",
      "version": "V3.0 Chronos Engine",
      "name_match": false
    },
    {
      "metric_id": 133,
      "category": "Chronos / Topic",
      "spec_id_primary": "m133_chr_1",
      "spec_id_secondary": "",
      "engine_key": "m133_meta_flexibility",
      "engine_type": "float",
      "range_default": "[0.0, ∞] (Sekunden)",
      "range_schema_a": "",
      "range_schema_b": "",
      "range_effective": "[0.0, ∞] (Sekunden)",
      "schema_effective": "default",
      "source": "metrics_engine_v3.py:422",
      "version": "V3.0 Chronos Engine",
      "name_match": false
    },
    {
      "metric_id": 134,
      "category": "Chronos / Latency",
      "spec_id_primary": "m134_chr_2",
      "spec_id_secondary": "",
      "engine_key": "m134_meta_monitoring",
      "engine_type": "float",
      "range_default": "[0.0, ∞] (Sekunden)",
      "range_schema_a": "",
      "range_schema_b": "",
      "range_effective": "[0.0, ∞] (Sekunden)",
      "schema_effective": "default",
      "source": "metrics_engine_v3.py:423",
      "version": "V3.0 Chronos Engine",
      "name_match": false
    },
    {
      "metric_id": 135,
      "category": "Meta-Cognition / Planning",
      "spec_id_primary": "m135_meta_20",
      "spec_id_secondary": "",
      "engine_key": "m135_meta_planning",
      "engine_type": "float",
      "range_default": "[0.0, 1.0]",
      "range_schema_a": "",
      "range_schema_b": "",
      "range_effective": "[0.0, 1.0]",
      "schema_effective": "default",
      "source": "metamet.py:90",
      "version": "V3.0 Meta Engine",
      "name_match": false
    },
    {
      "metric_id": 136,
      "category": "Meta-Cognition / Reflection",
      "spec_id_primary": "m136_meta_21",
      "spec_id_secondary": "",
      "engine_key": "m136_meta_evaluation",
      "engine_type": "float",
      "range_default": "[0.0, 1.0]",
      "range_schema_a": "",
      "range_schema_b": "",
      "range_effective": "[0.0, 1.0]",
      "schema_effective": "default",
      "source": "metamet.py:95",
      "version": "V3.0 Meta Engine",
      "name_match": false
    },
    {
      "metric_id": 137,
      "category": "Meta-Cognition / Abstraction",
      "spec_id_primary": "m137_meta_22",
      "spec_id_secondary": "",
      "engine_key": "m137_meta_strategy",
      "engine_type": "float",
      "range_default": "[0.0, 1.0]",
      "range_schema_a": "",
      "range_schema_b": "",
      "range_effective": "[0.0, 1.0]",
      "schema_effective": "default",
      "source": "metamet.py:100",
      "version": "V3.0 Meta Engine",
      "name_match": false
    },
    {
      "metric_id": 138,
      "category": "Meta-Cognition / Integration",
      "spec_id_primary": "m138_meta_23",
      "spec_id_secondary": "",
      "engine_key": "m138_attention_focus",
      "engine_type": "float",
      "range_default": "[0.0, 1.0]",
      "range_schema_a": "",
      "range_schema_b": "",
      "range_effective": "[0.0, 1.0]",
      "schema_effective": "default",
      "source": "metamet.py:105",
      "version": "V3.0 Meta Engine",
      "name_match": false
    },
    {
      "metric_id": 139,
      "category": "Meta-Cognition / Synthesis",
      "spec_id_primary": "m139_meta_24",
      "spec_id_secondary": "",
      "engine_key": "m139_working_memory",
      "engine_type": "float",
      "range_default": "[0.0, 1.0]",
      "range_schema_a": "",
      "range_schema_b": "",
      "range_effective": "[0.0, 1.0]",
      "schema_effective": "default",
      "source": "metamet.py:110",
      "version": "V3.0 Meta Engine",
      "name_match": false
    },
    {
      "metric_id": 140,
      "category": "Meta-Cognition / Evaluation",
      "spec_id_primary": "m140_meta_25",
      "spec_id_secondary": "",
      "engine_key": "m140_long_term_access",
      "engine_type": "float",
      "range_default": "[0.0, 1.0]",
      "range_schema_a": "",
      "range_schema_b": "",
      "range_effective": "[0.0, 1.0]",
      "schema_effective": "default",
      "source": "metamet.py:115",
      "version": "V3.0 Meta Engine",
      "name_match": false
    },
    {
      "metric_id": 141,
      "category": "System Health / AI Safety",
      "spec_id_primary": "m141_hallu_risk",
      "spec_id_secondary": "",
      "engine_key": "m141_inference_quality",
      "engine_type": "float",
      "range_default": "[0.0, 1.0]",
      "range_schema_a": "",
      "range_schema_b": "",
      "range_effective": "[0.0, 1.0]",
      "schema_effective": "default",
      "source": "extended.py:10",
      "version": "V3.0 Safety Engine",
      "name_match": false
    },
    {
      "metric_id": 142,
      "category": "System Health / RAG",
      "spec_id_primary": "m142_rag_align",
      "spec_id_secondary": "",
      "engine_key": "m142_rag_alignment",
      "engine_type": "float",
      "range_default": "[0.0, 1.0]",
      "range_schema_a": "",
      "range_schema_b": "",
      "range_effective": "[0.0, 1.0]",
      "schema_effective": "default",
      "source": "extended.py:15",
      "version": "V3.0 RAG Engine",
      "name_match": false
    },
    {
      "metric_id": 143,
      "category": "System Health / Resource",
      "spec_id_primary": "m143_mem_pressure",
      "spec_id_secondary": "",
      "engine_key": "m143_mem_pressure",
      "engine_type": "float",
      "range_default": "[0.0, 1.0]",
      "range_schema_a": "",
      "range_schema_b": "",
      "range_effective": "[0.0, 1.0]",
      "schema_effective": "default",
      "source": "extended.py:20",
      "version": "V3.0 Resource Engine",
      "name_match": true
    },
    {
      "metric_id": 144,
      "category": "System Health / Performance",
      "spec_id_primary": "m144_sys_stab",
      "spec_id_secondary": "",
      "engine_key": "m144_sys_stability",
      "engine_type": "float",
      "range_default": "[0.0, 1.0]",
      "range_schema_a": "",
      "range_schema_b": "",
      "range_effective": "[0.0, 1.0]",
      "schema_effective": "default",
      "source": "extended.py:25",
      "version": "V3.0 Health Engine",
      "name_match": false
    },
    {
      "metric_id": 145,
      "category": "Meta-Cognition / Depth",
      "spec_id_primary": "m145_meta_30",
      "spec_id_secondary": "",
      "engine_key": "m145_learning_rate_meta",
      "engine_type": "float",
      "range_default": "[0, ∞]",
      "range_schema_a": "",
      "range_schema_b": "",
      "range_effective": "[0, ∞]",
      "schema_effective": "default",
      "source": "metamet.py:120",
      "version": "V3.0 Meta Engine",
      "name_match": false
    },
    {
      "metric_id": 146,
      "category": "Meta-Cognition / Logic",
      "spec_id_primary": "m146_meta_31",
      "spec_id_secondary": "",
      "engine_key": "m146_curiosity_index",
      "engine_type": "float",
      "range_default": "[0.0, 1.0]",
      "range_schema_a": "",
      "range_schema_b": "",
      "range_effective": "[0.0, 1.0]",
      "schema_effective": "default",
      "source": "metamet.py:125",
      "version": "V3.0 Meta Engine",
      "name_match": false
    },
    {
      "metric_id": 147,
      "category": "Meta-Cognition / Consistency",
      "spec_id_primary": "m147_meta_32",
      "spec_id_secondary": "",
      "engine_key": "m147_confidence",
      "engine_type": "float",
      "range_default": "[0.0, 1.0]",
      "range_schema_a": "",
      "range_schema_b": "",
      "range_effective": "[0.0, 1.0]",
      "schema_effective": "default",
      "source": "metamet.py:130",
      "version": "V3.0 Meta Engine",
      "name_match": false
    },
    {
      "metric_id": 148,
      "category": "Meta-Cognition / Temporal",
      "spec_id_primary": "m148_meta_33",
      "spec_id_secondary": "",
      "engine_key": "m148_coherence_meta",
      "engine_type": "float",
      "range_default": "[0.0, 1.0]",
      "range_schema_a": "",
      "range_schema_b": "",
      "range_effective": "[0.0, 1.0]",
      "schema_effective": "default",
      "source": "metamet.py:135",
      "version": "V3.0 Meta Engine",
      "name_match": false
    },
    {
      "metric_id": 149,
      "category": "Meta-Cognition / Causality",
      "spec_id_primary": "m149_meta_34",
      "spec_id_secondary": "",
      "engine_key": "m149_adaptation_rate",
      "engine_type": "float",
      "range_default": "[0.0, 1.0]",
      "range_schema_a": "",
      "range_schema_b": "",
      "range_effective": "[0.0, 1.0]",
      "schema_effective": "default",
      "source": "metamet.py:140",
      "version": "V3.0 Meta Engine",
      "name_match": false
    },
    {
      "metric_id": 150,
      "category": "Meta-Cognition / Completion",
      "spec_id_primary": "m150_meta_35",
      "spec_id_secondary": "",
      "engine_key": "m150_integration_score",
      "engine_type": "float",
      "range_default": "[0.0, 1.0]",
      "range_schema_a": "",
      "range_schema_b": "",
      "range_effective": "[0.0, 1.0]",
      "schema_effective": "default",
      "source": "metamet.py:145",
      "version": "V3.0 Meta Engine",
      "name_match": false
    },
    {
      "metric_id": 151,
      "category": "Synthesis / Executive",
      "spec_id_primary": "m151_omega",
      "spec_id_secondary": "",
      "engine_key": "m151_omega",
      "engine_type": "float",
      "range_default": "[-1.0, 1.0]",
      "range_schema_a": "",
      "range_schema_b": "",
      "range_effective": "[-1.0, 1.0]",
      "schema_effective": "default",
      "source": "metrics_engine_v3.py:432",
      "version": "V3.0 Synthesis Engine",
      "name_match": true
    },
    {
      "metric_id": 152,
      "category": "Synthesis / Trust",
      "spec_id_primary": "m152_alignment",
      "spec_id_secondary": "",
      "engine_key": "m152_a51_compliance",
      "engine_type": "float",
      "range_default": "[0.0, 1.0]",
      "range_schema_a": "",
      "range_schema_b": "",
      "range_effective": "[0.0, 1.0]",
      "schema_effective": "default",
      "source": "metrics_engine_v3.py:433",
      "version": "V3.0 Synthesis Engine",
      "name_match": false
    },
    {
      "metric_id": 153,
      "category": "Synthesis / Entropy",
      "spec_id_primary": "m153_sys_ent",
      "spec_id_secondary": "",
      "engine_key": "m153_health",
      "engine_type": "float",
      "range_default": "[0.0, 1.0]",
      "range_schema_a": "",
      "range_schema_b": "",
      "range_effective": "[0.0, 1.0]",
      "schema_effective": "default",
      "source": "metrics_engine_v3.py:434",
      "version": "V3.0 Synthesis Engine",
      "name_match": false
    },
    {
      "metric_id": 154,
      "category": "Synthesis / Quality",
      "spec_id_primary": "m154_quality",
      "spec_id_secondary": "",
      "engine_key": "m154_sys_latency",
      "engine_type": "float",
      "range_default": "[0.0, 1.0]",
      "range_schema_a": "",
      "range_schema_b": "",
      "range_effective": "[0.0, 1.0]",
      "schema_effective": "default",
      "source": "metrics_engine_v3.py:435",
      "version": "V3.0 Synthesis Engine",
      "name_match": false
    },
    {
      "metric_id": 155,
      "category": "Synthesis / Task",
      "spec_id_primary": "m155_completeness",
      "spec_id_secondary": "",
      "engine_key": "m155_error_rate",
      "engine_type": "float",
      "range_default": "[0.0, 1.0]",
      "range_schema_a": "",
      "range_schema_b": "",
      "range_effective": "[0.0, 1.0]",
      "schema_effective": "default",
      "source": "metrics_engine_v3.py:436",
      "version": "V3.0 Synthesis Engine",
      "name_match": false
    },
    {
      "metric_id": 156,
      "category": "Synthesis / Semantic",
      "spec_id_primary": "m156_relevance",
      "spec_id_secondary": "",
      "engine_key": "m156_cache_hit_rate",
      "engine_type": "float",
      "range_default": "[0.0, 1.0]",
      "range_schema_a": "",
      "range_schema_b": "",
      "range_effective": "[0.0, 1.0]",
      "schema_effective": "default",
      "source": "metrics_engine_v3.py:437",
      "version": "V3.0 Synthesis Engine",
      "name_match": false
    },
    {
      "metric_id": 157,
      "category": "Synthesis / Consistency",
      "spec_id_primary": "m157_coherence",
      "spec_id_secondary": "",
      "engine_key": "m157_token_throughput",
      "engine_type": "float",
      "range_default": "[0.0, 1.0]",
      "range_schema_a": "",
      "range_schema_b": "",
      "range_effective": "[0.0, 1.0]",
      "schema_effective": "default",
      "source": "metrics_engine_v3.py:438",
      "version": "V3.0 Synthesis Engine",
      "name_match": false
    },
    {
      "metric_id": 158,
      "category": "Synthesis / Depth",
      "spec_id_primary": "m158_depth",
      "spec_id_secondary": "",
      "engine_key": "m158_context_utilization",
      "engine_type": "float",
      "range_default": "[0, ∞]",
      "range_schema_a": "",
      "range_schema_b": "",
      "range_effective": "[0, ∞]",
      "schema_effective": "default",
      "source": "metrics_engine_v3.py:439",
      "version": "V3.0 Synthesis Engine",
      "name_match": false
    },
    {
      "metric_id": 159,
      "category": "Synthesis / Originality",
      "spec_id_primary": "m159_novelty",
      "spec_id_secondary": "",
      "engine_key": "m159_guardian_interventions",
      "engine_type": "float",
      "range_default": "[0.0, 1.0]",
      "range_schema_a": "",
      "range_schema_b": "",
      "range_effective": "[0.0, 1.0]",
      "schema_effective": "default",
      "source": "metrics_engine_v3.py:440",
      "version": "V3.0 Synthesis Engine",
      "name_match": false
    },
    {
      "metric_id": 160,
      "category": "Synthesis / Clarity",
      "spec_id_primary": "m160_clarity",
      "spec_id_secondary": "",
      "engine_key": "m160_uptime",
      "engine_type": "float",
      "range_default": "[0.0, 1.0]",
      "range_schema_a": "",
      "range_schema_b": "",
      "range_effective": "[0.0, 1.0]",
      "schema_effective": "default",
      "source": "metrics_engine_v3.py:441",
      "version": "V3.0 Synthesis Engine",
      "name_match": false
    },
    {
      "metric_id": 161,
      "category": "Executive / Decision",
      "spec_id_primary": "m161_commit_action",
      "spec_id_secondary": "",
      "engine_key": "m161_commit",
      "engine_type": "str",
      "range_default": "Enum: {\"commit\", \"retry\", \"alert\"}",
      "range_schema_a": "",
      "range_schema_b": "",
      "range_effective": "Enum: {\"commit\", \"retry\", \"alert\"}",
      "schema_effective": "default",
      "source": "metrics_engine_v3.py:442",
      "version": "V3.0 Executive Engine",
      "name_match": false
    },
    {
      "metric_id": 162,
      "category": "Context / Temporal",
      "spec_id_primary": "m162_ctx_time",
      "spec_id_secondary": "",
      "engine_key": "m162_ctx_time",
      "engine_type": "float",
      "range_default": "[0.0, 1.0]",
      "range_schema_a": "",
      "range_schema_b": "",
      "range_effective": "[0.0, 1.0]",
      "schema_effective": "default",
      "source": "context_engine.py:10",
      "version": "V3.2.1 NEW",
      "name_match": true
    },
    {
      "metric_id": 163,
      "category": "Context / Spatial",
      "spec_id_primary": "m163_ctx_loc",
      "spec_id_secondary": "",
      "engine_key": "m163_ctx_loc",
      "engine_type": "float",
      "range_default": "[0.0, 1.0]",
      "range_schema_a": "",
      "range_schema_b": "",
      "range_effective": "[0.0, 1.0]",
      "schema_effective": "default",
      "source": "context_engine.py:20",
      "version": "V3.2.1 NEW",
      "name_match": true
    },
    {
      "metric_id": 164,
      "category": "Context / User",
      "spec_id_primary": "m164_user_state",
      "spec_id_secondary": "",
      "engine_key": "m164_user_state",
      "engine_type": "float",
      "range_default": "[0.0, 1.0]",
      "range_schema_a": "",
      "range_schema_b": "",
      "range_effective": "[0.0, 1.0]",
      "schema_effective": "default",
      "source": "context_engine.py:30",
      "version": "V3.2.1 NEW",
      "name_match": true
    },
    {
      "metric_id": 165,
      "category": "Context / System",
      "spec_id_primary": "m165_platform",
      "spec_id_secondary": "",
      "engine_key": "m165_platform",
      "engine_type": "str",
      "range_default": "Enum: {\"pc\", \"apk\", \"rover\"}",
      "range_schema_a": "",
      "range_schema_b": "",
      "range_effective": "Enum: {\"pc\", \"apk\", \"rover\"}",
      "schema_effective": "default",
      "source": "context_engine.py:40",
      "version": "V3.2.1 NEW",
      "name_match": true
    },
    {
      "metric_id": 166,
      "category": "Context / Input",
      "spec_id_primary": "m166_modality",
      "spec_id_secondary": "",
      "engine_key": "m166_modality",
      "engine_type": "str",
      "range_default": "Enum: {\"text\", \"voice\", \"image\", \"multimodal\"}",
      "range_schema_a": "",
      "range_schema_b": "",
      "range_effective": "Enum: {\"text\", \"voice\", \"image\", \"multimodal\"}",
      "schema_effective": "default",
      "source": "context_engine.py:50",
      "version": "V3.2.1 NEW",
      "name_match": true
    },
    {
      "metric_id": 167,
      "category": "Context / Quality",
      "spec_id_primary": "m167_noise",
      "spec_id_secondary": "",
      "engine_key": "m167_noise",
      "engine_type": "float",
      "range_default": "[0.0, 1.0]",
      "range_schema_a": "",
      "range_schema_b": "",
      "range_effective": "[0.0, 1.0]",
      "schema_effective": "default",
      "source": "context_engine.py:60",
      "version": "V3.2.1 NEW",
      "name_match": true
    },
    {
      "metric_id": 168,
      "category": "Safety / Guardian",
      "spec_id_primary": "m168_cum_stress",
      "spec_id_secondary": "",
      "engine_key": "m168_cum_stress",
      "engine_type": "float",
      "range_default": "[0.0, ∞]",
      "range_schema_a": "",
      "range_schema_b": "",
      "range_effective": "[0.0, ∞]",
      "schema_effective": "default",
      "source": "guardian.py:100",
      "version": "V3.2.1 NEW (Patch #6)",
      "name_match": true
    }
  ]
}